Co_Ref,Prospect_Renewal_Date,Call_Date
AB2997,2024-10-09,2024-09-04
AB2997,2024-10-09,2024-09-10
AB2997,2024-10-09,2024-09-18
AB2997,2024-10-09,2024-09-25
AB2997,2025-10-09,2025-08-28
AB2997,2025-10-09,2025-09-08
AB2997,2025-10-09,2025-09-10
AB2997,2025-10-09,2025-09-19
AB2997,2025-10-09,2025-09-24
AS5565,2024-07-06,2024-06-07
AS5565,2024-07-06,2024-06-12
AS5565,2024-07-06,2024-06-19
AS5565,2024-07-06,2024-06-20
AS5565,2025-07-06,2025-06-09
AS5565,2025-07-06,2025-06-10
AS5565,2025-07-06,2025-06-13
AT0314,2024-09-08,2024-07-26
AT0314,2024-09-08,2024-07-30
AT0314,2024-09-08,2024-08-09
AT0314,2024-09-08,2024-08-16
AT0314,2024-09-08,2024-08-20
AT0314,2025-09-08,2025-07-28
AT0314,2025-09-08,2025-08-08
AT0314,2025-09-08,2025-08-15
AT0314,2025-09-08,2025-08-18
AT0314,2025-09-08,2025-08-19
AT3093,2024-06-04,2024-04-23
AT3093,2024-06-04,2024-04-25
AT3093,2024-06-04,2024-04-30
AT3093,2024-06-04,2024-05-07
AT3093,2024-06-04,2024-05-14
AT3093,2024-06-04,2024-05-15
AT3093,2024-06-04,2024-05-17
BE6128,2024-07-06,2024-05-24
BE6128,2024-07-06,2024-05-31
BE6128,2024-07-06,2024-06-07
BE6128,2025-07-06,2025-06-03
BE6128,2025-07-06,2025-06-06
BE6128,2025-07-06,2025-06-16
BK4061,2025-05-03,2025-03-19
BK4061,2025-05-03,2025-03-24
BK4061,2025-05-03,2025-03-26
BK4061,2025-05-03,2025-03-28
BK4061,2025-05-03,2025-03-31
BK4061,2025-05-03,2025-04-01
BK4061,2025-05-03,2025-04-07
BK4061,2025-05-03,2025-04-17
BN3496,2024-12-11,2024-10-30
BN3496,2024-12-11,2024-11-05
BN3496,2024-12-11,2024-11-12
BN3496,2024-12-11,2024-11-20
BN3496,2024-12-11,2024-11-21
BN3496,2024-12-11,2024-11-22
BN3496,2024-12-11,2024-11-25
BN3496,2024-12-11,2024-11-27
BN3496,2025-12-11,2025-11-12
BN3496,2025-12-11,2025-11-17
CJ6125,2024-08-06,2024-07-05
CJ6125,2024-08-06,2024-07-08
CJ6125,2024-08-06,2024-07-18
CJ6125,2024-08-06,2024-07-19
CJ6125,2024-08-06,2024-07-23
CJ6125,2025-08-06,2025-06-26
CK9183,2025-09-07,2025-07-24
CK9183,2025-09-07,2025-07-29
CK9183,2025-09-07,2025-07-30
CK9183,2025-09-07,2025-07-31
CK9183,2025-09-07,2025-08-06
CK9183,2025-09-07,2025-08-12
CR3041,2024-08-07,2024-06-25
CR3041,2024-08-07,2024-07-08
CR3041,2024-08-07,2024-07-16
CR3041,2024-08-07,2024-07-22
CR3041,2024-08-07,2024-07-23
CR3041,2025-08-07,2025-07-08
CR3041,2025-08-07,2025-07-22
DR5491,2024-08-06,2024-06-24
DR5491,2024-08-06,2024-06-25
DR5491,2024-08-06,2024-06-26
DR5491,2024-08-06,2024-06-27
DR5491,2024-08-06,2024-06-28
DR5491,2024-08-06,2024-07-01
DR5491,2024-08-06,2024-07-02
DR5491,2024-08-06,2024-07-03
DR5491,2024-08-06,2024-07-05
DR5491,2024-08-06,2024-07-12
DR5491,2024-08-06,2024-07-19
DR5491,2024-08-06,2024-07-22
DS5542,2024-11-10,2024-10-02
DS5542,2024-11-10,2024-10-03
DS5542,2024-11-10,2024-10-04
DS5542,2024-11-10,2024-10-07
DS5542,2024-11-10,2024-10-08
DS5542,2024-11-10,2024-10-15
DY6229,2024-07-05,2024-05-22
DY6229,2024-07-05,2024-05-28
DY6229,2024-07-05,2024-05-31
DY6229,2025-07-05,2025-05-22
DY6229,2025-07-05,2025-05-29
DY6229,2025-07-05,2025-05-30
DY6229,2025-07-05,2025-06-02
EK0752,2024-06-04,2024-04-30
EK0752,2024-06-04,2024-05-07
EK0752,2024-06-04,2024-05-10
EK0752,2024-06-04,2024-05-20
EK0752,2024-06-04,2024-05-21
EK0752,2025-06-04,2025-04-29
EK0752,2025-06-04,2025-05-14
EK0752,2025-06-04,2025-05-20
EQ3166,2024-08-06,2024-06-25
EQ3166,2024-08-06,2024-06-27
EQ3166,2024-08-06,2024-07-04
EQ3166,2024-08-06,2024-07-10
EQ3166,2024-08-06,2024-07-15
EQ3166,2024-08-06,2024-07-18
EQ3166,2024-08-06,2024-07-23
FN4366,2025-03-02,2025-01-23
FN4366,2025-03-02,2025-01-27
FN4366,2025-03-02,2025-01-28
FN4366,2025-03-02,2025-02-03
FN4366,2026-03-02,2026-02-03
FN4366,2026-03-02,2026-02-10
FN9250,2024-06-05,2024-04-23
FN9250,2024-06-05,2024-04-24
FN9250,2024-06-05,2024-05-07
FN9250,2024-06-05,2024-05-17
FN9250,2025-06-05,2025-05-06
FN9250,2025-06-05,2025-05-12
FX2889,2024-08-06,2024-06-26
FX2889,2024-08-06,2024-06-27
FX2889,2024-08-06,2024-06-28
FX2889,2024-08-06,2024-07-02
FX2889,2024-08-06,2024-07-04
FX2889,2024-08-06,2024-07-16
FX2889,2024-08-06,2024-07-18
FX2889,2024-08-06,2024-07-23
FX2889,2025-08-06,2025-06-24
GA0298,2024-06-05,2024-04-23
GA0298,2024-06-05,2024-05-07
GA0298,2025-06-05,2025-04-25
GA0298,2025-06-05,2025-05-07
GA0298,2025-06-05,2025-05-08
GA0298,2025-06-05,2025-05-12
GA0298,2025-06-05,2025-05-19
HA5859,2024-06-04,2024-04-23
HA5859,2024-06-04,2024-04-30
HA5859,2024-06-04,2024-05-13
HA5859,2024-06-04,2024-05-14
HA5859,2024-06-04,2024-05-17
HA5859,2024-06-04,2024-05-20
HM6260,2024-06-05,2024-05-08
HM6260,2025-06-05,2025-04-23
HM6260,2025-06-05,2025-05-07
HM6260,2025-06-05,2025-05-14
HM6260,2025-06-05,2025-05-21
HM6260,2025-06-05,2025-05-22
HM8540,2024-08-07,2024-06-25
HM8540,2024-08-07,2024-07-08
HM8540,2024-08-07,2024-07-09
HM8540,2024-08-07,2024-07-11
HM8540,2024-08-07,2024-07-17
HM8540,2024-08-07,2024-07-18
HM8540,2024-08-07,2024-07-23
HM8540,2024-08-07,2024-07-24
HO4046,2024-12-11,2024-11-04
HO4046,2024-12-11,2024-11-06
HO4046,2024-12-11,2024-11-12
HO4046,2024-12-11,2024-11-22
HO4046,2025-12-11,2025-10-30
HO4046,2025-12-11,2025-11-03
HO4046,2025-12-11,2025-11-11
HO4046,2025-12-11,2025-11-27
HZ3192,2025-04-03,2025-02-19
HZ3192,2025-04-03,2025-03-04
HZ3192,2025-04-03,2025-03-10
HZ3192,2025-04-03,2025-03-14
HZ3192,2025-04-03,2025-03-19
HZ3192,2025-04-03,2025-03-20
IA4292,2024-09-06,2024-07-23
IA4292,2024-09-06,2024-07-24
IA4292,2024-09-06,2024-07-25
IA4292,2024-09-06,2024-07-26
IA4292,2024-09-06,2024-07-31
IA4292,2024-09-06,2024-08-08
IA4292,2024-09-06,2024-08-19
IA4292,2024-09-06,2024-08-21
IA4292,2024-09-06,2024-08-22
JR8927,2025-08-07,2025-07-03
JR8927,2025-08-07,2025-07-08
JR8927,2025-08-07,2025-07-09
JR8927,2025-08-07,2025-07-10
JR8927,2025-08-07,2025-07-14
JR8927,2025-08-07,2025-07-17
JV0876,2024-10-08,2024-09-03
JV0876,2024-10-08,2024-09-10
JV0876,2024-10-08,2024-09-11
JV0876,2024-10-08,2024-09-16
JV0876,2024-10-08,2024-09-17
JV0876,2024-10-08,2024-09-18
KE6553,2024-09-07,2024-07-26
KE6553,2024-09-07,2024-07-30
KE6553,2024-09-07,2024-08-02
KE6553,2024-09-07,2024-08-05
KE6553,2024-09-07,2024-08-16
KE6553,2024-09-07,2024-08-20
KE6553,2024-09-07,2024-08-22
KF1840,2025-11-10,2025-09-29
KF1840,2025-11-10,2025-10-01
KF1840,2025-11-10,2025-10-06
KF1840,2025-11-10,2025-10-07
KF1840,2025-11-10,2025-10-09
KF1840,2025-11-10,2025-10-10
LG3999,2024-06-03,2024-04-22
LG3999,2024-06-03,2024-04-24
LG3999,2024-06-03,2024-04-25
LG3999,2024-06-03,2024-04-29
LG3999,2024-06-03,2024-05-08
LG3999,2024-06-03,2024-05-09
LG3999,2024-06-03,2024-05-13
LG3999,2024-06-03,2024-05-14
LG3999,2024-06-03,2024-05-17
LG3999,2024-06-03,2024-05-20
LS0309,2024-12-11,2024-10-30
LS0309,2024-12-11,2024-10-31
LS0309,2024-12-11,2024-11-12
LS0309,2025-12-11,2025-11-19
LS0309,2025-12-11,2025-11-21
LS0309,2025-12-11,2025-11-26
LY8301,2024-07-05,2024-05-21
LY8301,2024-07-05,2024-05-22
LY8301,2024-07-05,2024-05-23
LY8301,2024-07-05,2024-05-29
LY8301,2024-07-05,2024-05-30
LY8301,2024-07-05,2024-05-31
LY8301,2024-07-05,2024-06-03
LY8301,2024-07-05,2024-06-06
LY8301,2024-07-05,2024-06-07
LY8301,2024-07-05,2024-06-10
LY8301,2024-07-05,2024-06-12
LY8301,2024-07-05,2024-06-13
LY8301,2024-07-05,2024-06-14
MP8814,2024-12-11,2024-10-29
MP8814,2025-12-11,2025-11-12
MP8814,2025-12-11,2025-11-13
MP8814,2025-12-11,2025-11-14
MP8814,2025-12-11,2025-11-19
MP8814,2025-12-11,2025-11-21
MP8814,2025-12-11,2025-11-24
NI3561,2025-12-11,2025-11-12
NI3561,2025-12-11,2025-11-13
NI3561,2025-12-11,2025-11-14
NI3561,2025-12-11,2025-11-18
NI3561,2025-12-11,2025-11-19
NI3561,2025-12-11,2025-11-20
NI3561,2025-12-11,2025-11-24
NI3561,2025-12-11,2025-11-25
NI3561,2025-12-11,2025-11-26
NI3561,2025-12-11,2025-11-27
NL2886,2024-07-06,2024-05-24
NL2886,2024-07-06,2024-05-31
NL2886,2024-07-06,2024-06-06
NL2886,2024-07-06,2024-06-07
NL2886,2024-07-06,2024-06-10
NL2886,2024-07-06,2024-06-13
NL2886,2024-07-06,2024-06-18
NV9063,2024-09-08,2024-07-26
NV9063,2025-09-08,2025-07-28
NV9063,2025-09-08,2025-08-05
NV9063,2025-09-08,2025-08-07
NV9063,2025-09-08,2025-08-08
NV9063,2025-09-08,2025-08-13
OA4368,2025-03-02,2025-01-20
OA4368,2025-03-02,2025-01-21
OA4368,2025-03-02,2025-01-23
OA4368,2025-03-02,2025-01-24
OA4368,2025-03-02,2025-01-28
OA4368,2025-03-02,2025-01-29
OA4368,2026-03-02,2026-01-21
OA4368,2026-03-02,2026-02-03
OA4368,2026-03-02,2026-02-04
OJ6154,2024-10-09,2024-08-29
OJ6154,2024-10-09,2024-09-10
OJ6154,2024-10-09,2024-09-11
OJ6154,2024-10-09,2024-09-18
OJ6154,2024-10-09,2024-09-19
OJ6154,2024-10-09,2024-09-24
OJ6154,2024-10-09,2024-09-25
OJ6154,2025-10-09,2025-08-28
OJ6154,2025-10-09,2025-09-03
ON2832,2025-05-03,2025-03-20
ON2832,2025-05-03,2025-03-26
ON2832,2025-05-03,2025-03-27
ON2832,2025-05-03,2025-03-28
ON2832,2025-05-03,2025-04-02
ON2832,2025-05-03,2025-04-11
PD9308,2025-09-07,2025-07-29
PD9308,2025-09-07,2025-07-30
PD9308,2025-09-07,2025-07-31
PD9308,2025-09-07,2025-08-01
PD9308,2025-09-07,2025-08-06
PD9308,2025-09-07,2025-08-13
PF0829,2024-08-06,2024-06-24
PF0829,2025-08-06,2025-07-01
PF0829,2025-08-06,2025-07-02
PF0829,2025-08-06,2025-07-03
PF0829,2025-08-06,2025-07-07
PF0829,2025-08-06,2025-07-14
PF0829,2025-08-06,2025-07-21
PK6744,2024-06-04,2024-05-01
PK6744,2024-06-04,2024-05-08
PK6744,2024-06-04,2024-05-13
PK6744,2024-06-04,2024-05-16
PK6744,2024-06-04,2024-05-17
PK6744,2024-06-04,2024-05-20
PK6744,2024-06-04,2024-05-21
PT5371,2025-03-02,2025-01-21
PT5371,2025-03-02,2025-02-03
PT5371,2026-03-02,2026-01-21
PT5371,2026-03-02,2026-02-03
PT5371,2026-03-02,2026-02-04
PT5371,2026-03-02,2026-02-05
PT5371,2026-03-02,2026-02-11
PT7044,2025-02-01,2024-12-20
PT7044,2025-02-01,2025-01-02
PT7044,2025-02-01,2025-01-15
PT7044,2025-02-01,2025-01-16
PT7044,2025-02-01,2025-01-17
PT7044,2026-02-01,2026-01-05
PY3410,2025-02-12,2025-01-14
PY3410,2025-02-12,2025-01-15
PY3410,2025-02-12,2025-01-16
PY3410,2025-02-12,2025-01-21
PY3410,2025-02-12,2025-01-22
PY3410,2025-02-12,2025-01-23
PY3410,2025-02-12,2025-01-24
PY3410,2025-02-12,2025-01-27
QC3230,2024-11-10,2024-09-27
QC3230,2024-11-10,2024-10-11
QC3230,2024-11-10,2024-10-21
QC3230,2025-11-10,2025-10-03
QC3230,2025-11-10,2025-10-16
QC3230,2025-11-10,2025-10-21
QC3230,2025-11-10,2025-10-27
QI5950,2024-07-05,2024-05-22
QI5950,2024-07-05,2024-05-31
QI5950,2024-07-05,2024-06-11
QI5950,2024-07-05,2024-06-12
QI5950,2024-07-05,2024-06-18
QI5950,2024-07-05,2024-06-21
QJ3739,2024-09-07,2024-07-24
QJ3739,2024-09-07,2024-07-25
QJ3739,2024-09-07,2024-08-07
QJ3739,2024-09-07,2024-08-08
QJ3739,2024-09-07,2024-08-09
QJ3739,2024-09-07,2024-08-14
QT8625,2024-11-10,2024-09-27
QT8625,2024-11-10,2024-10-11
QT8625,2024-11-10,2024-10-16
QT8625,2024-11-10,2024-10-22
QT8625,2024-11-10,2024-10-23
QT8625,2025-11-10,2025-10-10
QT8625,2025-11-10,2025-10-17
QT8625,2025-11-10,2025-10-24
QV4832,2024-07-04,2024-05-22
QV4832,2024-07-04,2024-05-23
QV4832,2024-07-04,2024-05-24
QV4832,2024-07-04,2024-05-28
QV4832,2024-07-04,2024-05-29
QV4832,2024-07-04,2024-06-04
QV4832,2024-07-04,2024-06-05
RB8805,2024-08-07,2024-06-25
RB8805,2024-08-07,2024-07-08
RB8805,2024-08-07,2024-07-09
RB8805,2024-08-07,2024-07-11
RB8805,2024-08-07,2024-07-12
RB8805,2025-08-07,2025-07-08
RB8805,2025-08-07,2025-07-14
RB8805,2025-08-07,2025-07-21
RG1117,2024-10-09,2024-08-28
RG1117,2024-10-09,2024-09-10
RG1117,2024-10-09,2024-09-12
RG1117,2024-10-09,2024-09-17
RG1117,2024-10-09,2024-09-20
RG1117,2025-10-09,2025-08-28
RG1117,2025-10-09,2025-09-08
RG1117,2025-10-09,2025-09-10
RG1117,2025-10-09,2025-09-17
RG5658,2024-12-11,2024-11-01
RG5658,2024-12-11,2024-11-12
RG5658,2024-12-11,2024-11-19
RG5658,2024-12-11,2024-11-26
RG5658,2025-12-11,2025-11-03
RG5658,2025-12-11,2025-11-04
RG5658,2025-12-11,2025-11-07
RG5658,2025-12-11,2025-11-12
RG5658,2025-12-11,2025-11-20
RG5658,2025-12-11,2025-11-21
RG5658,2025-12-11,2025-11-27
RK1319,2024-10-09,2024-08-28
RK1319,2024-10-09,2024-09-10
RK1319,2024-10-09,2024-09-17
RK1319,2024-10-09,2024-09-24
RK1319,2025-10-09,2025-09-04
RK1319,2025-10-09,2025-09-11
RK1319,2025-10-09,2025-09-22
RQ7424,2025-04-03,2025-02-19
RQ7424,2025-04-03,2025-03-04
RQ7424,2025-04-03,2025-03-05
RQ7424,2025-04-03,2025-03-06
RQ7424,2025-04-03,2025-03-10
RQ7424,2025-04-03,2025-03-11
RQ7424,2025-04-03,2025-03-12
RQ7424,2025-04-03,2025-03-13
RQ7424,2025-04-03,2025-03-17
RQ7424,2025-04-03,2025-03-18
SB6501,2024-06-02,2024-04-24
SB6501,2024-06-02,2024-04-25
SB6501,2024-06-02,2024-04-30
SB6501,2024-06-02,2024-05-01
SB6501,2024-06-02,2024-05-02
SB6501,2024-06-02,2024-05-03
SK1334,2025-03-02,2025-01-21
SK1334,2025-03-02,2025-01-22
SK1334,2025-03-02,2025-01-23
SK1334,2025-03-02,2025-01-27
SK1334,2025-03-02,2025-01-28
SK1334,2025-03-02,2025-01-30
SK1334,2025-03-02,2025-01-31
SP3378,2024-08-07,2024-07-08
SP3378,2024-08-07,2024-07-11
SP3378,2024-08-07,2024-07-12
SP3378,2024-08-07,2024-07-15
SP3378,2024-08-07,2024-07-17
SP3378,2025-08-07,2025-07-03
ST5355,2025-04-03,2025-03-04
ST5355,2025-04-03,2025-03-05
ST5355,2025-04-03,2025-03-06
ST5355,2025-04-03,2025-03-12
ST5355,2025-04-03,2025-03-13
ST5355,2025-04-03,2025-03-19
TB1357,2025-09-07,2025-07-29
TB1357,2025-09-07,2025-08-07
TB1357,2025-09-07,2025-08-12
TB1357,2025-09-07,2025-08-14
TB1357,2025-09-07,2025-08-15
TB1357,2025-09-07,2025-08-20
TJ1762,2025-03-02,2025-02-03
TJ1762,2025-03-02,2025-02-04
TJ1762,2026-03-02,2026-02-03
TJ1762,2026-03-02,2026-02-09
TJ1762,2026-03-02,2026-02-12
TJ1762,2026-03-02,2026-02-13
TK7565,2024-09-06,2024-07-24
TK7565,2024-09-06,2024-07-29
TK7565,2024-09-06,2024-07-30
TK7565,2024-09-06,2024-07-31
TK7565,2024-09-06,2024-08-22
TK7565,2024-09-06,2024-08-23
TN2834,2024-08-07,2024-06-25
TN2834,2024-08-07,2024-07-08
TN2834,2024-08-07,2024-07-09
TN2834,2024-08-07,2024-07-15
TN2834,2025-08-07,2025-06-25
TN2834,2025-08-07,2025-07-08
UA5592,2025-07-06,2025-05-27
UA5592,2025-07-06,2025-06-06
UA5592,2025-07-06,2025-06-10
UA5592,2025-07-06,2025-06-12
UA5592,2025-07-06,2025-06-18
UA5592,2025-07-06,2025-06-20
UH9714,2025-02-01,2024-12-20
UH9714,2025-02-01,2025-01-02
UH9714,2025-02-01,2025-01-06
UH9714,2025-02-01,2025-01-08
UH9714,2025-02-01,2025-01-16
UH9714,2026-02-01,2026-01-05
UH9714,2026-02-01,2026-01-09
UH9714,2026-02-01,2026-01-16
UP4531,2025-11-10,2025-10-03
UP4531,2025-11-10,2025-10-10
UP4531,2025-11-10,2025-10-14
UP4531,2025-11-10,2025-10-21
UP4531,2025-11-10,2025-10-22
UP4531,2025-11-10,2025-10-23
UQ6196,2024-12-11,2024-11-12
UQ6196,2024-12-11,2024-11-13
UQ6196,2024-12-11,2024-11-20
UQ6196,2025-12-11,2025-11-05
UQ6196,2025-12-11,2025-11-12
UQ6196,2025-12-11,2025-11-17
UY2868,2024-06-05,2024-04-23
UY2868,2024-06-05,2024-04-26
UY2868,2024-06-05,2024-05-07
UY2868,2024-06-05,2024-05-09
UY2868,2024-06-05,2024-05-13
UY2868,2024-06-05,2024-05-20
UY2868,2024-06-05,2024-05-22
UZ5014,2024-07-06,2024-06-19
UZ5014,2025-07-06,2025-05-23
UZ5014,2025-07-06,2025-06-09
UZ5014,2025-07-06,2025-06-11
UZ5014,2025-07-06,2025-06-12
UZ5014,2025-07-06,2025-06-13
UZ5014,2025-07-06,2025-06-17
VO7483,2025-05-01,2025-03-17
VO7483,2025-05-01,2025-03-18
VO7483,2025-05-01,2025-03-19
VO7483,2025-05-01,2025-03-20
VO7483,2025-05-01,2025-03-21
VO7483,2025-05-01,2025-03-25
VO7483,2025-05-01,2025-03-26
VO7483,2025-05-01,2025-03-27
VO7483,2025-05-01,2025-03-28
VO7483,2025-05-01,2025-04-01
VO7483,2025-05-01,2025-04-02
VO7483,2025-05-01,2025-04-15
VR6942,2024-06-05,2024-04-23
VR6942,2024-06-05,2024-05-07
VR6942,2024-06-05,2024-05-14
VR6942,2024-06-05,2024-05-17
VR6942,2025-06-05,2025-04-23
VR6942,2025-06-05,2025-05-06
VR6942,2025-06-05,2025-05-22
VW4880,2024-06-05,2024-04-26
VW4880,2024-06-05,2024-05-07
VW4880,2024-06-05,2024-05-14
VW4880,2024-06-05,2024-05-22
VW4880,2025-06-05,2025-05-07
VW4880,2025-06-05,2025-05-20
VZ6435,2024-10-08,2024-08-28
VZ6435,2024-10-08,2024-09-03
VZ6435,2024-10-08,2024-09-09
VZ6435,2024-10-08,2024-09-11
VZ6435,2024-10-08,2024-09-12
VZ6435,2025-10-08,2025-08-27
VZ6435,2025-10-08,2025-08-29
VZ6435,2025-10-08,2025-09-01
WA8113,2024-06-05,2024-04-23
WA8113,2024-06-05,2024-05-07
WA8113,2024-06-05,2024-05-10
WA8113,2024-06-05,2024-05-13
WA8113,2024-06-05,2024-05-14
WA8113,2025-06-05,2025-05-06
WH8408,2024-05-04,2024-04-05
WH8408,2024-05-04,2024-04-10
WH8408,2024-05-04,2024-04-15
WH8408,2024-05-04,2024-04-19
WH8408,2025-05-04,2025-04-07
WH8408,2025-05-04,2025-04-11
WJ5706,2024-06-04,2024-05-07
WJ5706,2024-06-04,2024-05-08
WJ5706,2024-06-04,2024-05-09
WJ5706,2024-06-04,2024-05-15
WJ5706,2024-06-04,2024-05-16
WJ5706,2024-06-04,2024-05-20
WM1783,2024-10-09,2024-08-28
WM1783,2024-10-09,2024-09-10
WM1783,2024-10-09,2024-09-12
WM1783,2025-10-09,2025-08-28
WM1783,2025-10-09,2025-09-08
WM1783,2025-10-09,2025-09-10
WX7094,2024-11-09,2024-09-26
WX7094,2024-11-09,2024-10-02
WX7094,2024-11-09,2024-10-04
WX7094,2024-11-09,2024-10-09
WX7094,2024-11-09,2024-10-10
WX7094,2024-11-09,2024-10-15
WX7094,2024-11-09,2024-10-17
WX7094,2024-11-09,2024-10-21
WX7094,2024-11-09,2024-10-22
XI2204,2024-06-05,2024-04-23
XI2204,2024-06-05,2024-05-07
XI2204,2024-06-05,2024-05-15
XI2204,2024-06-05,2024-05-22
XI2204,2025-06-05,2025-05-06
XI2204,2025-06-05,2025-05-21
XJ1416,2024-12-11,2024-10-30
XJ1416,2024-12-11,2024-10-31
XJ1416,2024-12-11,2024-11-11
XJ1416,2024-12-11,2024-11-12
XJ1416,2024-12-11,2024-11-15
XJ1416,2024-12-11,2024-11-20
XJ1416,2024-12-11,2024-11-25
XN7971,2024-12-11,2024-10-30
XN7971,2024-12-11,2024-11-12
XN7971,2025-12-11,2025-10-30
XN7971,2025-12-11,2025-11-13
XN7971,2025-12-11,2025-11-20
XN7971,2025-12-11,2025-11-27
XP0722,2024-10-08,2024-08-28
XP0722,2024-10-08,2024-08-29
XP0722,2024-10-08,2024-08-30
XP0722,2024-10-08,2024-09-05
XP0722,2024-10-08,2024-09-09
XP0722,2024-10-08,2024-09-10
XP0722,2024-10-08,2024-09-11
XP0722,2024-10-08,2024-09-16
XP0722,2024-10-08,2024-09-17
XP0722,2024-10-08,2024-09-20
XP0722,2024-10-08,2024-09-24
YO6024,2024-09-08,2024-07-30
YO6024,2024-09-08,2024-08-07
YO6024,2024-09-08,2024-08-09
YO6024,2024-09-08,2024-08-20
YO6024,2024-09-08,2024-08-22
YO6024,2024-09-08,2024-08-23
YZ0902,2024-08-06,2024-06-26
YZ0902,2024-08-06,2024-06-27
YZ0902,2024-08-06,2024-07-02
YZ0902,2024-08-06,2024-07-03
YZ0902,2024-08-06,2024-07-09
YZ0902,2024-08-06,2024-07-17
YZ0902,2024-08-06,2024-07-19
YZ0902,2025-08-06,2025-06-23
YZ0902,2025-08-06,2025-06-27
YZ0902,2025-08-06,2025-06-30
YZ0902,2025-08-06,2025-07-01
YZ0902,2025-08-06,2025-07-02
ZA8230,2024-07-06,2024-05-24
ZA8230,2024-07-06,2024-05-31
ZA8230,2024-07-06,2024-06-07
ZA8230,2025-07-06,2025-05-27
ZA8230,2025-07-06,2025-06-06
ZA8230,2025-07-06,2025-06-11
ZN2676,2024-11-10,2024-09-27
ZN2676,2024-11-10,2024-10-04
ZN2676,2024-11-10,2024-10-07
ZN2676,2024-11-10,2024-10-09
ZN2676,2025-11-10,2025-10-08
ZN2676,2025-11-10,2025-10-10
ZN2676,2025-11-10,2025-10-14
ZN2676,2025-11-10,2025-10-16
ZN2676,2025-11-10,2025-10-17
ZN2676,2025-11-10,2025-10-24
